UNITNAME,code,colour
Abydos Monzogranite,A_STab_mgm,#FEBFBA
Ahern Formation,P___ah_stq,#FECBA8
Aileron Province granitic unit,P__g_AI,#FE6FB8
Albert Edward Group,P__AL_s,#DFB9AF
Alcurra Dolerite,P__WKA_o,#9EF0DB
Alexander Formation,J__ax_ss,#C1FEE0
Allanson Sandstone,P_CLa_szh,#9DD7FB
Amhurst Metamorphics,P___am_xmg_md,#D4D3A5
Andover Intrusion,A_OPan_xo_a,#78DEA4
Angas Hill Formation,P_E__ag_sg,#FFEDDD
Anketell Formation,K__an_st,#93FD14
Annabelle Volcanics,A__ab_fd,#FEE79F
Annean Supersuite,A_AN_gt,#EDB2CA
Annean Supersuite,A_AN_map,#ABB6FA
Annean Supersuite,A_AN_mg,#EDB2CA
Annean Supersuite,A_AN_od,#86ECD2
Antrim Plateau Volcanics,E__ap_xbb_s,#EFBEE7
Antrim Plateau Volcanics and Lally Conglomerate,E__an_xbb_s,#F4C1E6
Apex Basalt,A_WAa_b,#D8FFD9
Archean--Proterozoic metasiliciclastic unit,AP__mtq_WAC,#E4E0C3
Argus Igneous Complex,A__gs_mo,#9FD7D6
Argyle Lamproite,P___ar_i,#63EDB2
Arid Basin unit,P__xmtn_mon_AFOA,#C3CCD0
Ashburton Formation,P__WYa_bbo,#FEE2BD
Ashburton Formation,P__WYa_ca,#FED8A7
Ashburton Formation,P__WYa_s,#FEE2BD
Atley Igneous Complex,A_ANat_masr,#A897FC
Atley Igneous Complex,A_ANat_ogy,#A7F5AD
"Atley Igneous Complex, middle zone",A_ANam_mat,#BCB3FD
"Atley Igneous Complex, middle zone",A_ANam_ogy,#6FC3C2
"Atley Igneous Complex, upper zone",A_ANaz_og,#9FD7D6
"Atley Igneous Complex, upper zone",A_ANaz_xam_ogl,#D3CCFD
Badgeradda Basin metamorphosed unit,P__xmd_mb_BD,#F4B67D
Balpe Lakes Monzogranite,A__bk_gm,#FE83C2
Balwina Granite,P___ba_gm,#FEBFBA
Bamboo Springs Monzogranite,A_STbs_gmp,#FE9E98
Bandalup Ultramafics,A__bp_muk,#C4FEC6
Barbwire Sandstone,J__bw_sp,#ADFED5
Barlangi Granophyre,AP___bg_gv,#FEBAEA
Barrambie Igneous Complex,A_ANbm_ap,#D6A8FC
Barrambie Igneous Complex,A_ANbm_xony_am,#88E092
Baseline Orthogneiss,A_MNpb_mgni,#FEADD7
Bastion Group,P__BA_s,#D5B9AA
Beabea Monzogranite,A_STbe_gm,#FEBFBA
Beasley River Quartzite,P__SKq_stq,#F1BC89
Bellary Formation,A_FOb_xs_b,#EEEFE2
Bertibubba Supersuite,P__BB_g,#F883B1
Big Bell Suite,A_SDB_gmfe,#EE9894
Big Bell Suite,A_SDB_gmp,#FC9A94
Big Bell Suite,A_SDB_mg,#F4BAB7
Big Bell Suite,A_SDB_mgmm,#F4BAB7
Big Bell Suite,A_SDB_mgmu,#F4BAB7
Bililly Formation,P__BDb_ss,#F9DF9E
Billeranga Subgroup,P__OAB_xss_b,#F5D06E
Billinooka Inlier granitic unit,A_g_PBK,#FFDFDD
Bindoo Sandstone,SD__bi_st,#A3FBE5
Binneringie Dyke,P__WIbi_o,#4BD386
Biranup Zone metagranitic unit,A_mgr_KKBB,#FEBFBA
Biranup Zone metagranitic unit,AP__mgn_KKBB,#FEBBDD
Biranup Zone metagranitic unit,AP__mgni_KKBB,#FEBBDD
Biranup Zone metagranitic unit,AP__xmggn_mgmn_KKBB,#FCC5FC
Biranup Zone metagranitic unit,AP__xmgni_mhn_KKBB,#FBA7FA
Biranup Zone metagranitic unit,P__jmgnn_moan_KKBB,#FE99CD
Biranup Zone metagranitic unit,P__jmgnn_moga_KKBB,#FBA7FA
Biranup Zone metagranitic unit,P__xmg_mog_KKBB,#FBA7FA
Biranup Zone metagranitic unit,P__xmgn_mdn_KKBB,#FBA7FA
Birrindudu Group,P__BN_sa,#E1AAC5
Bishop Creek Monzogranite,A_CEbi_gm,#F8BEE0
Bitter Springs Group,P__BS_kds,#FEDCBB
Black Dragon Gneiss,P___bd_xmgg_mgi,#FD7E75
Black Hill Well Monzogranite,A_OPbl_gm,#FD5E53
Black Range Dolerite Suite,A_BL_od,#8EE4B4
Blina Shale,R__bl_sl,#8CFADF
Bloods Range Formation,P__TJb_xmh_mv,#DAD2CF
Bobbie Point Metasyenogranite,P___bt_mgr,#FCACFC
Bonney Downs Monzogranite,A_SRbo_gm,#FD7E75
Booanya Suite,P__EPB_g,#FDB6F7
Boobina Porphyry,A_EMbo_gmap,#F492CA
Bookargemoona Tonalite,A_TAbo_mgt,#F066B6
Boolgeeda Iron Formation,P__HAo_ci,#B5E1FC
Boondawari Formation,P___bo_sepg,#EFB00D
Boongal Formation,A_FOo_bbo,#EEEFE2
Bottle Creek Microgranite,A__bc_gnap,#FEC1E1
Bradley Basalt,A_WHb_b,#FEE2A1
Brassey Range Formation,P__MVb_st,#FAD1C1
Bresnahan Group,P__BR_s,#DDD5BC
Bridget Suite,P__BG_gmh,#FE98CC
Brill Monzogranite,A_MRbr_gmp,#FE9E98
Broadhurst Formation,P__THb_shh,#D8A79B
Brockman Iron Formation,P__HAb_cib,#84CDFA
"Broome, Mowla and Melligo Sandstones",K__bm_st,#DFFEB8
Brownrigg Sandstone,P__TAb_st,#FCEFCF
Browns Range Metamorphics,P___bw_mtnf,#E2CF60
Budjan Creek Formation,A_SOb_xs_f,#FEE79F
Buldya Group,P__BU_xs_k,#EFCFA3
"Buldya Group, lower",P__BUL_sk,#FEDCBB
"Buldya Group, upper",P__BUU_sf,#FED3AA
Bullgarina Monzogranite,A_CEbu_gm,#F8BEE0
Bullock Hide Intrusion,A_RAbu_xo_a,#7CF085
Bunbury Basalt,K__bu_bb,#B3FE5A
Bungarra Igneous Complex,A__bu_xony_any,#0CCAC5
Bungle Bungle Dolomite,P___uu_kds,#E8DFE3
Bunjinah Formation,A_FOu_bbo,#E6E7D3
Burtville Terrane greenstones,A_b_YBU,#C4FEC6
Burtville Terrane greenstones,A_bb_YBU,#C4FEC6
Burtville Terrane greenstones,A_bs_YBU,#8AFE8D
Burtville Terrane greenstones,A_cc_YBU,#6BC3F9
Burtville Terrane greenstones,A_f_YBU,#FEE79F
Burtville Terrane greenstones,A_fa_YBU,#FFF3CF
Burtville Terrane greenstones,A_madt_YBU,#D3CCFD
Burtville Terrane greenstones,A_mb_YBU,#C4FEC6
Burtville Terrane greenstones,A_mbs_YBU,#3CFD41
Burtville Terrane greenstones,A_mbsr_YBU,#63FD67
Burtville Terrane greenstones,A_mfas_YBU,#FDD03E
Burtville Terrane greenstones,A_mfnq_YBU,#CFDAD7
Burtville Terrane greenstones,A_mls_YBU,#DAD2CF
Burtville Terrane greenstones,A_mnfq_YBU,#FD5AAE
Burtville Terrane greenstones,A_mrs_YBU,#FEE79F
Burtville Terrane greenstones,A_mu_YBU,#B1A6FC
Burtville Terrane greenstones,A_must_YBU,#E9E6FE
Burtville Terrane greenstones,A_mwa_YBU,#3CFD41
Burtville Terrane greenstones,A_mws_YBU,#63FD67
Burtville Terrane greenstones,A_o_YBU,#BCEED2
Burtville Terrane greenstones,A_od_YBU,#8EE4B4
Burtville Terrane greenstones,A_og_YBU,#8EE4B4
Burtville Terrane greenstones,A_s_YBU,#E3DDDB
Burtville Terrane greenstones,A_u_YBU,#B1A6FC
Burtville Terrane greenstones,A_xax_og_YBU,#BCB3FD
Burtville Terrane greenstones,A_xb_s_YBU,#C4FEC6
Burtville Terrane greenstones,A_xbb_cci_YBU,#B1FEB3
Burtville Terrane greenstones,A_xbb_gna_YBU,#B1FEB3
Burtville Terrane greenstones,A_xbb_md_YBU,#B1FEB3
Burtville Terrane greenstones,A_xbb_mgss_YBU,#B1FEB3
Burtville Terrane greenstones,A_xbb_mu_YBU,#B1FEB3
Burtville Terrane greenstones,A_xbb_og_YBU,#B1FEB3
Burtville Terrane greenstones,A_xcci_md_YBU,#9DD7FB
Burtville Terrane greenstones,A_xmb_md_YBU,#B1FEB3
Burtville Terrane greenstones,A_xmls_frn_YBU,#DAD2CF
Burtville Terrane greenstones,A_xmnqf_mgss_YBU,#CFDAD7
Burtville Terrane greenstones,A_xmos_mgss_YBU,#4BD386
Burtville Terrane greenstones,A_xmu_mb_YBU,#DED9FE
Burtville Terrane greenstones,A_xmus_mgm_YBU,#D3CCFD
Burtville Terrane greenstones,A_xmw_mc_YBU,#63FD67
Burtville Terrane greenstones,A_xmw_mf_YBU,#B1FEB3
Burtville Terrane greenstones,A_xmwa_cci_YBU,#63FD67
Burtville Terrane greenstones,A_xmwa_mdqj_YBU,#63FD67
Burtville Terrane greenstones,A_xmwa_mgss_YBU,#76FE7A
Burtville Terrane greenstones,A_xmws_mfs_YBU,#63FD67
Burtville Terrane greenstones,A_xmws_mus_YBU,#63FD67
Burtville Terrane greenstones,A_xog_bb_YBU,#BCEED2
Burtville Terrane greenstones,A_xss_cci_YBU,#E3DDDB
Burtville Terrane greenstones,A_xsty_gm_YBU,#E3DDDB
Burtville Terrane greenstones,A_xu_ci_YBU,#B1A6FC
Butcher Bird Monzogranite,A_MDbb_gm,#FECFCB
"Byro Group, lower",P_BYL_sf,#A9DCFC
"Byro Group, middle",P_BYM_sf,#A9DCFC
"Byro Group, upper",P_BYU_sf,#A9DCFC
Cadda Formation,J__cd_sf,#98FECA
Cadjebut Formation,D__cj_skcv,#ABB6FA
Caines Monzogranite,A_MRca_gm,#FE9E98
Callawa Formation,K__ca_sp,#BEFE72
Callina Supersuite,A_CL_mg,#EB3BA0
Callytharra Formation,P__ca_kt,#6BC3F9
"Cambrian--Ordovician sedimentary rocks, Ord Basin",EO_sk_OR,#EAA8DF
"Cambrian--Ordovician sedimentary siliciclastic units, Amadeus Basin",EO_sf_NA,#EFBEE7
Camel Hills Metamorphics,P__CH_xmd_mk,#D2C4C9
Campbell Well Granodiorite,A_EMcm_gg,#F492CA
Capricorn Group,P__CP_sk,#DDA365
Capricorn Orogen metamorphosed mafic intrusive unit,P__mod_CPO,#8EE4B4
Carawine Dolomite,A_HAc_kds,#CAA894
Carbana Monzogranite,A_EMca_gmp,#F492CA
"Carboniferous sedimentary rocks, Southern Carnarvon Basin",C_kt_CV,#C8D2D5
Cardinal Formation,A_SOa_sh,#DFF3CA
Cardup Group,P__CD_s,#DDA365
Carlton Group,EO_CA_sk,#EFBEE7
Carnegie Formation,P_E__cn_swq,#FFEDDD
Carr Boyd Group,P__CB_s,#F3C89D
Carranya Formation,O__ca_sp,#EEB1FE
Carrington Suite,P__CN_mg,#FEDEF8
Carson Volcanics,P__KMc_bb,#D2F4E1
Carynginia Formation,P__cg_sf,#9DD7FB
Cassidy Group,P__CA_xbb_fr,#E7BBD1
Cattamarra Coal Measures,J__cm_slh,#ADFED5
Cattle Well Formation,A_CDa_s,#FEE79F
Charteris Basalt,A_KEc_b,#B1FEB3
Chatarie Well Granite,A__ch_gm,#FEBFBA
Cheearra Monzogranite,A_STch_mgm,#FEBFBA
Cheela Springs Basalt,P__SKb_bb,#B1FEB3
Chessman Granodiorite,A_EMce_mgg,#F492CA
Chester Formation,A__cc_ml,#BFB1AC
Chiall Formation,P__EMc_ss,#CAA894
Chillerina Granodiorite,A_STci_ggh,#FEBFBA
Chimingadgi Trondhjemite,A_EMch_gt,#F492CA
Choorun Formation,P__TAc_sg,#F7D886
Chunderloo Monzogranite,A_JUcl_mgms,#FA98BE
Cistern Formation,A_CDi_xs_fnv,#FDC544
Cleaverville Formation,A_GCe_ca,#6BC3F9
Cleland Supersuite,A_CE_g,#F8BEE0
Cleland Supersuite,A_CE_mgtn,#F492CA
Cliff Pool Tonalite,A_EHcl_mgt,#FD7E75
Clutterbuck Formation,P_E__cl_sz,#FFEDDD
Cockatoo Group,D_CO_sp,#E0E4FD
Cockeraga Leucogranite,A_EHco_gtl,#FD7E75
Collie Group,P_CL_snh,#9DD7FB
"Collier Group, Depositional package 5",P__MCP5_s,#F7D7A0
"Collier Group, Depositional package 6",P__MCP6_s,#F0BA59
Colombo Sandstone,P___co_st,#FECFCB
Connaughton Zone metamorphosed mafic volcanic unit,P__xmb_md_PTRC,#D6DA84
Connaughtone Zone metamorphosed ultramafic unit,P__mu_PTRC,#D4CCFE
Constantine Sandstone,A_CDc_s,#FBDAC3
Coodardy Pool Formation,A_POc_xmtq_mi,#C8BCB8
Cooglegong Monzogranite,A_SRcg_gm,#FD7E75
Cookes Creek Monzogranite,A_SRco_gm,#FD7E75
Coolbro Sandstone,P__THc_stq,#EFDCD7
Coolyena Group,K_CY_xk_s,#E9FFD0
Coolyia Creek Granodiorite,A_CLco_mgg,#EB3BA0
Coomb Bore Monzogranite,A__cm_mgm,#FE9E98
Coomberarie Formation,P__BDc_ss,#F9DF9E
Coomberdale Subgroup,P__OAC_xss_kd,#F9DF9E
Coonabildie Formation,P__MVc_ss,#F7B297
Coondamar Formation,A_NUc_xmd_mw,#FBDAC3
Coondina Monzogranite,A_STcn_gmm,#FEBFBA
Coondra Formation,P__SUc_sg,#F9DF9E
Coonieena Basalt,A_DGc_b,#BFE695
Cooninia Inlier granitic unit,A_g_PCN,#FFDFDD
Coor-de-wandy Formation,P___cw_s,#EEE4A4
Cooya Pooya Dolerite,A_FOkc_od,#8EE4B4
Copperfield Monzogranite,A__cf_mgm,#F26EB0
Coppin Gap Granodiorite,A_EMco_gg,#F492CA
Corboy Formation,A_SOc_s,#C8BCB8
Corner Well Gabbro,A_ANwc_xol_apl,#87CDCC
Cotton Well Granodiorite,A_EMcw_ggv,#F492CA
Coucal Formation,A_WAc_f,#FEEDB7
Crossroads Granodiorite,A_SDcr_mgg,#F4BAB7
Crowhurst Group,P__CR_xs_k,#AB7355
Cue Tonalite,A_ANct_gtl,#FECFCB
Cullculli Suite,A_ANC_mg,#FFDFDD
Cundaline Formation,A_GCu_s,#D4D3A5
Cundimurra Monzogranite,A_TUcu_mg,#FA98BE
Cundimurra Monzogranite,A_TUcu_mgmu,#F76EA4
Dalgaringa Supersuite,P__DA_mg,#EFB8FA
Dalton Suite,A_DA_ma,#A699FC
Dalton Suite,A_DA_xo_a,#78DEA4
Davis Dolerite,E__dv_od,#8EE4B4
Davitt Syenogranite,A_EMda_gr,#F492CA
Day Rock Granodiorite,A__dr_gg,#FCA4F4
Deception Hill Microgranite,A__dh_gnap,#FEC1E1
Despair Granite,A__de_gmb,#FFDFDD
Devonian conglomerates associated with reef complexes,D__rc_sbp,#E0E4FD
"Devonian sedimentary rocks, Southern Carnarvon Basin",D_xs_k_CV,#CAD2FC
Diemals Formation,A__di_s,#EDE9E7
Dingo Intrusion,A_STdi_xo_a,#A5E9C3
Doolgunna Formation,P__YMd_sta,#FAE2B6
Double Bar Formation,A_WAo_b,#BCEED2
Dougalls Suite,P__DO_jmgt_mw,#FE9E98
Dresser Formation,A_WAr_xcc_b,#9DD7FB
Dromedary Bore Granite,A_THdb_mggu,#86ECD2
Duck Creek Dolomite,P__WYd_kd,#EFCFA3
Duerdin Group,P__DE_s,#F7CEA8
Duffer Formation,A_WAd_f,#FED656
Durba Sandstone,P_E_DId_st,#EFB00D
Durlacher Supersuite,P__DU_g,#FEE2FD
Durlacher Supersuite,P__DU_mog,#1EC868
Dwarf Well Granite,P__CNdw_mgm,#FEDEF8
Eastern Goldfields Superterrane greenstones,A_a_YEG,#B1A6FC
Eastern Goldfields Superterrane greenstones,A_b_YEG,#C4FEC6
Eastern Goldfields Superterrane greenstones,A_bs_YEG,#8AFE8D
Eastern Goldfields Superterrane greenstones,A_c_YEG,#6BC3F9
Eastern Goldfields Superterrane greenstones,A_cib_YEG,#099BF5
Eastern Goldfields Superterrane greenstones,A_f_YEG,#FEE79F
Eastern Goldfields Superterrane greenstones,A_fa_YEG,#FFF3CF
Eastern Goldfields Superterrane greenstones,A_fnv_YEG,#FFF3CF
Eastern Goldfields Superterrane greenstones,A_mb_YEG,#C4FEC6
Eastern Goldfields Superterrane greenstones,A_mf_YEG,#FEE286
Eastern Goldfields Superterrane greenstones,A_mn_YEG,#CFDAD7
Eastern Goldfields Superterrane greenstones,A_mnqf_YEG,#CFDAD7
Eastern Goldfields Superterrane greenstones,A_msqz_YEG,#CFDAD7
Eastern Goldfields Superterrane greenstones,A_mu_YEG,#B1A6FC
Eastern Goldfields Superterrane greenstones,A_mwa_YEG,#3CFD41
Eastern Goldfields Superterrane greenstones,A_o_YEG,#BCEED2
Eastern Goldfields Superterrane greenstones,A_od_YEG,#8EE4B4
Eastern Goldfields Superterrane greenstones,A_og_YEG,#8EE4B4
Eastern Goldfields Superterrane greenstones,A_s_YEG,#E3DDDB
Eastern Goldfields Superterrane greenstones,A_sc_YEG,#E3DDDB
Eastern Goldfields Superterrane greenstones,A_u_YEG,#B1A6FC
Eastern Goldfields Superterrane greenstones,A_uk_YEG,#BCB3FD
Eastern Goldfields Superterrane greenstones,A_up_YEG,#9080FB
Eastern Goldfields Superterrane greenstones,A_xb_f_YEG,#C4FEC6
Eastern Goldfields Superterrane greenstones,A_xb_s_YEG,#C4FEC6
Eastern Goldfields Superterrane greenstones,A_xf_s_YEG,#FEDC6E
Eastman Granite,P___ea_grl,#F4946D
Eddy Suite,P__EY_xmgg_mog,#FC8CD6
"Ediacaran--Cambrian sedimentary rocks, Officer Basin",P_E_sp_NO,#F9DF9E
"Edmund Group, Depositional package 1",P__MEP1_kt,#F0BA59
"Edmund Group, Depositional package 2",P__MEP2_sk,#F9E1B8
"Edmund Group, Depositional package 3",P__MEP3_sk,#EEB041
"Edmund Group, Depositional package 4",P__MEP4_xs_k,#F9E1B8
Eel Creek Formation,AP___ec_sf,#F5D06E
Eley Monzogranite,A_STel_gmp,#FD7E75
Elgee Siltstone,P__KMe_xsl_kd,#E6A89A
Eliza Formation,P__PGe_xfr_sp,#FEEDC9
Elizabeth Hill Supersuite,A_EH_g,#FA46BE
Elizabeth Hill Supersuite,A_EH_xgnl_gp,#FD7E75
Elsie Creek Tonalite,A_EMel_mgtn,#F492CA
Emeriau Sandstone,IP__em_st,#DFFEB8
Emu Pool Supersuite,A_EM_g,#F492CA
Eneabba Formation,J__en_ss,#ADFED5
Eramurra Monzogranite,A_MRer_gm,#FE9E98
Errabiddy Formation,P__BDe_st,#F9DF9E
Erskine Sandstone,R__er_st,#BAFCEC
Esperance Supersuite,P__EP_g,#FC91F2
Esperance Supersuite,P__EP_gr,#FEC8F9
Esperance Supersuite,P__EP_jgn_mgn,#FEC8F9
Euro Basalt,A_KEe_b,#B1FEB3
Ewington Coal Measures,P_CLe_szh,#9DD7FB
Fairfield Group,DC_FA_xk_sf,#DDE4E6
"Famennian reef complexes, marginal slope and basin facies",D__as_ktsi,#CAD2FC
"Famennian reef complexes, platform facies",D__ap_klsp,#CAD2FC
Farrel Quartzite,A_GCf_stq,#BEBD78
Fig Tree Gneiss,A_TAft_mgtn,#F066B6
Fitzgerald Peaks Syenite,A__fy_gy,#FEE286
Fitzroy Volcanics,NM__fi_i,#F7D886
Flat Rocks Tonalite,A_MBfr_mgt,#FD319A
Fly Dam Formation,P___fd_mhng,#FE95A5
Forest Belle Gabbro,A__fb_og,#A5E9C3
Forestier Bay Granodiorite,A_OPfo_gg,#FD5E53
Fortescue Group,A_FO_mos,#8EE4B4
Fortescue Group,A_FO_o,#8EE4B4
Fortescue Group,A_FO_od,#8EE4B4
Fortescue Group,A_FO_xb_s,#D5D7B6
Fortescue Group,A_FO_xo_a,#BCEED2
Fraser Range Metamorphics,P__FM_xmog_mgn,#90F2C8
Fraser Zone unit,P__mog_KKBF,#B6F4E4
Fraser Zone unit,P__xmog_mgn_KKBF,#9EF0DB
Frere Formation,P__ETf_xci_sf,#D5B9AA
Frezier Sandstone,K__fz_st,#BEFE72
Gap Intrusion,A_WAga_a,#B1A6FC
Garden Creek Monzogranite,A_CEgc_mgm,#F8BEE0
Garden Rock Monzogranite,A_BRga_gm,#FCC1D8
Garden Rock Monzogranite,A_BRga_gmp,#FCC1D8
Gascoyne Province metamorphosed mafic intrusive unit,P__mod_GA,#4BD386
Gidley Granophyre,A_FFgi_gv,#FEBFBA
Gidley Granophyre,A_FFgi_og,#A5E9C3
Giles Suite 1,P__WKg1_mog,#6EE9C8
Giles Suite 1,P__WKg1_og,#9EF0DB
Giles Suite 1,P__WKg1_xo_a,#6EE9C8
Giles Suite 2,P__WKg2_moad,#94F7D4
Giles Suite 2,P__WKg2_o,#B7FAE3
Gillam Monzogranite,A_SRgi_gmp,#FD7E75
"Givetian--Frasnian reef complexes, marginal slope and basinal facies",D__gs_ktxi,#F2D6FE
"Givetian--Frasnian reef complexes, platform facies",D__rp_kltp,#F8E6FE
Glass Spring Formation,P__MVg_st,#F9C2AC
Glasse Formation,A__al_bb,#8FF76B
Glenburgh Terrane Proterozoic unit,P__mog_GAG,#A5E9C3
Glenburgh Terrane Proterozoic unit,P__mus_GAG,#DED9FE
Glenburgh Terrane Proterozoic unit,P__mwa_GAG,#C9E2AE
Glidden Group,P__GL_s,#F1BC89
Glyde Formation,P__PUg_xbb_s,#D7E9C2
Gnanagooragoo Igneous Complex,A_ANgn_a,#EDB2CA
Gnanagooragoo Igneous Complex,A_ANgn_od,#EDB2CA
Gnanagooragoo Igneous Complex,A_ANgn_ogy,#EDB2CA
Gobbos Granodiorite,A_EMgo_gg,#F492CA
Golden Eagle Orthogneiss,A_MBge_mgtn,#FE9E98
Goodin Inlier granitic unit,A_g_YGD,#FECFCB
Googhenama Formation,P__TAg_sg,#F5D06E
Goose Hole Group,E_GH_xss_kl,#EFBEE7
Gorge Creek Group,A_GC_xci_s,#D4D3A5
Granites-Tanami Orogen granitic unit,P__gm_GT,#FE6FB8
Granites-Tanami Orogen metamorphosed igneous felsic unit,A_mrn_GT,#FE98CC
Granites-Tanami Orogen metamorphosed intrusive mafic unit,P__mod_GT,#A5E9C3
Granites-Tanami Orogen metasedimentary siliciclastic unit,P__mh_GT,#E9E9D2
Grant Group,CP_GR_sepg,#9DD7FB
Grass Flat Gabbro,A__gf_og,#9EFEA0
Greenbushes Pegmatite,A__ge_gp,#F65997
Greensleeves Formation,A_POg_f,#FDD03E
Gregory Range Suite,A_GR_gv,#FEAEA9
Gregory Range Suite,A_GR_mg,#FEAEA9
Gwynne Creek Gneiss,P___gk_xmtn_mo,#D0C5C2
Halfway Gneiss,AP___ha_mgn,#EDE9E7
Halls Creek Group,P__HC_xmd_mb,#ECE5D1
Hanns Jasper Formation,A__hj_fdvd,#FEE286
Hardey Formation,A_FOh_xs_f,#F1D8BD
Hart Dolerite,P___ha_od,#8EE4B4
Hatfield Formation,A__hf_md,#BFB1AC
Hearson Cove Monzogranite,A_MRhe_gmp,#FE9E98
Heavitree Formation and Bitter Springs Group,P__HB_xs_k,#FEDCBB
Helicopter Siltstone,P___he_sf,#FEE5D4
Hercules Gneiss,AP__NEH_mgin,#FE9E98
Hickey Ricken Granite,A__hr_g,#FEBFBA
Hidden Basin beds,P___hi_ss,#FEDCBB
High Cliff Sandstone,P__hi_st,#B5E1FC
Holmwood Shale,P__ho_sh,#84CDFA
Homeward Bound Granite,A_CLho_gf,#EB3BA0
Honeyeater Basalt,A_SOh_b,#DFF3CA
Honman Formation,A__hm_c,#72BDFD
Honman Formation,A__hm_cx,#72BDFD
Hope Campbell Orthogneiss,A_MNhc_mgni,#FEADD7
Horseshoe Formation,P__BYh_sf,#EAD6C8
Hydrothermal unit,zq,#000000
Hydrothermal unit,zqix,#000000
Illaara Formation,A__il_mtq,#DAD2CF
Illgalara Monzogranite,A_JUig_gm,#FA98BE
Ilma Formation,P__BUi_kdov,#FEE5CC
Imbin Inlier felsic volcanic unit,P__fcp_GAI,#FEEDB7
Ininti Granite,P___it_mgn,#FDADE6
Irwin River Coal Measures,P__ir_ssh,#6BC3F9
Isdell Formation,P___is_kx,#D5BE98
Jallagnoonina Granodiorite,A_STja_ggh,#FEBFBA
Jarlemai Siltstone,J__ja_sl,#DFFEB8
Jean Well Granodiorite,A_MRje_gg,#FE9E98
Jeerinah Formation,A_FOj_s,#CDCFA7
Jeerinah Formation,A_FOj_xs_b,#DDDFC4
Jenkin Granodiorite,A_EMje_gg,#F492CA
Jilyili Formation,P__MVj_ss,#FAD1C1
Jimberlana Norite,P__WIji_xo_a,#4BD386
Johansen Monzogranite,A_EMjh_gm,#F492CA
Johnson Cairn Formation,P__YWc_sl,#FCEBCE
Jones Creek Conglomerate,A__jc_s,#FEC57A
Joorina Granodiorite,A_EMjo_gg,#F492CA
Juderina Formation,P__YWj_s,#F7D7A0
June Hill Volcanics,P__WYj_b,#EFCFA3
Jungar Suite,A_JU_mg,#FA98BE
Jungar Suite,A_JU_mgms,#FA98BE
Jungar Suite,A_JU_xmg_mb,#FA98BE
Kaarnka Group,P__PK_xfr_frv,#FBCB8C
Kadgewarrina Monzogranite,A_SRkd_gmv,#FD7E75
Kaluweerie Conglomerate,P___ka_sc,#FDE00B
Kangaroo Caves Formation,A_SSc_xf_s,#FEE79F
Kantie Murdana Volcanics Member,A_NOyk_xfr_cib,#F7D886
Karalundi Formation,P__BYk_st,#DA6595
Karara Formation,P__TAk_sp,#F7D886
Karratha Granodiorite,A_CEkr_gg,#F8BEE0
Kathleen Ignimbrite,P__PUk_fr,#FEEDC9
Kathleen Valley Gabbro,A_KV_o,#8EE4B4
Kavir Granodiorite,A_CEka_mggb,#F8BEE0
Kazput Formation,P__TKa_xs_k,#E0CABF
Keep Inlet Formation,P_KUk_sepg,#D1DBDE
Keep It Dark Monzogranite,A_STki_gmp,#FEBFBA
Kennedy Group,P_KE_ss,#B5E1FC
Kennell Granodiorite,A_EMke_gg,#F492CA
Kialrah Rhyolite,A_CDk_frb,#FED656
Killara Formation,P__YMk_bb,#FEE5D2
Killi Killi Formation,P__TNk_xmh_mod,#E2DCC4
"Kimberley Group, lower",P__KML_xs_bb,#E7BE91
Kimmys Bore Monzogranite,A_SRkb_gme,#FD7E75
King Leopold Sandstone,P__KMl_st,#ECCBA7
Kiwirrkurra Formation,P___kr_sp,#D1DBDE
Knobby Sandstone,D__kn_sp,#ABB6FA
Kockatea Shale,R__kk_sl,#A3FBE5
Koolbye Formation,P__TKo_stq,#E0CABF
Koongie Park Formation,P___ke_xmf_md,#F1EDD1
"Kulail Sandstone, Dean Quartzite, Heavitree Quartzite, and Vaughan Springs Quartzite",P___hd_stq,#FFEDDD
Kulele Limestone,P__EMk_kls,#D5B9AA
Kulkatharra Dolerite,P__WKku_od,#8EE4B4
Kunagunarrina Formation,A_SSk_b,#D8FEBE
Kungarra Formation,P__TKk_sf,#D5B9AA
Kuniandi Group,P__KN_se,#F7CEA8
Kunmarnara Group,P__KR_xmd_mb,#DAE59F
Kunmarnara Group,P__KR_xs_b,#DAE59F
Kurrawang Formation,A__kw_s,#CBD3D7
Kylena Formation,A_FOk_b,#C4C798
Labouchere Formation,P__PAl_ssq,#F1D8BD
Lady Adelaide Orthogneiss,A_TAla_mggn,#F066B6
Lady Alma Igneous Complex,A_ANla_og,#7CF085
Lake Mackay Quartzite,P___lm_mtq,#CFCFD0
Lake Medcalf Igneous Complex,A__lm_og,#5DDB6A
Lalla Rookh Sandstone,A_CDl_st,#FBDAC3
Lamboo Province granitic unit,P__gnl_LM,#FE9E98
Lamboo Province mafic--ultramafic intrusive unit,P__xo_a_LM,#BCB3FD
Lamboo Province ultramafic intrusive unit,P__a_LM,#BCB3FD
Lamboo Province ultramafic intrusive unit,P__ap_LM,#A699FC
Lamil Group,P__LA_xs_k,#D09587
Lancelin Formation,K_CYl_chl,#E9FFD0
Lander Rock Formation,P___lr_mh,#EEE4A4
Langfield Group,C_LA_sk,#E3E8EA
Larranganni Formation,MZ__lr_st,#8CFADF
Leake Spring Metamorphics,P__LS_xmd_mk,#F7CEA8
Leederville Formation,K_WRl_ss,#D4FEA1
Leeuwin Inlier metagranitic unit,P_E_mgn_PJLE,#FB9FFC
Leeuwin Inlier metamorphosed mafic intrusive unit,P__mof_PJLE,#62D895
Leilira Formation,A_SSl_s,#DAD2CF
Lennis Sandstone,EO__le_st,#EFBEE7
Lesueur Sandstone,R__le_st,#D1FDF2
Lewis Granite,P___ls_gm,#FEBFBA
Lewis Granite,P___ls_gmj,#FEBFBA
Lillybooroora Conglomerate,DC__li_scp,#D5DBFD
Lindsay Hill Formation,P___lh_xmt_mtq,#BFADB3
Liveringa Group,P_LI_s,#B5E1FC
Louden Volcanic Member,A_CDbl_xb_s,#63FD67
Louisa Downs Group,P__LD_sk,#F5D4E9
Lucas Formation,PZ__lc_ss,#EAEDFE
Lupton Formation,P___lu_se,#D2C4C9
Lyons Group,CP_LY_sepg,#CEEBFD
MacDougall Formation,P__KRd_sg,#EDF2CF
Maddina Formation,A_FOm_b,#EEEFE2
Madura Formation,K__ma_ssh,#C9FE8A
Madura Province metagranitic unit,P__xmg_mw_MAD,#FBA7FA
Mafic intrusive unit,od,#1EC868
Maggie Hays Formation,A__mh_xbb_s,#66EE70
Mahony Group,D_MA_sp,#C0C8FB
Maitland Intrusion,A_STma_xo_a,#A5E9C3
Maitland River Supersuite,A_MR_g,#FE9E98
Malcolm Metamorphics,P___mm_xmh_mws,#CFC995
Mallina Formation,A_CDm_s,#F7B588
Mallindra Well Granodiorite,A_STml_ggh,#FEBFBA
Malmac Granite,A__mc_gm,#FE9E98
Malu Formation,P__LAm_stq,#D09587
Manganese Group,P__MN_s,#F7B297
Manyutup Tonalite,A__ma_gt,#FEAEA9
Mapa Igneous Complex,A__rn_xo_mo,#A5E9C3
Maraloou Formation,P__YMm_sl,#F1D8BD
Marble Bar Chert Member,A_WAdm_ccb,#6BC3F9
Marboo Formation,P___mr_mh,#93911E
Marda Complex,A_MD_f,#FEE79F
Marda Complex,A_MD_s,#FEE79F
Marlomumbah Granite,A_BRma_gfv,#FCC1D8
Marra Mamba Iron Formation,A_HAm_cib,#B5E1FC
Marymia Inlier granitic unit,A_g_YMA,#FECFCB
Mason Knob Monzogranite,A__as_gmp,#FECFCB
Maurice Formation,P_E__ma_stq,#FEDCBB
Maydon Basalt,A__mo_mbb,#63FD67
McFadden Formation,P__DIm_st,#F9DF9E
McKay Creek Metasyenogranite,P___kc_xmgr_mgi,#E3C8B5
McPhee Formation,A_WAh_xu_s,#63FD67
Meekatharra Formation,A_POm_xb_f,#9EFEA0
Mereenie Sandstone,SD__me_st,#F7E8FE
Merlinleigh Sandstone,GE__me_stz,#EEF5B6
Merougil Formation,A__me_st,#D9D8B0
"Mesozoic siliciclastic units, eastern Canning Basin",MZ_s_CA,#BAFCEC
Metamorphic unit,myyq,#000000
Metawandy Granite,A__mt_gm,#FECFCB
Miaree Granite,A_MRmi_gm,#FE9E98
Millars Monzogranite,A__mi_gmq,#FECFCB
Milli Milli Inlier greenstones,A_b_PMI,#C4FEC6
Milli Milli Inlier greenstones,A_s_PMI,#E3DDDB
Milli Milli Inlier metagranitc unit,A_mgn_PMI,#FE6FB8
Millidie Creek Formation,P__PAm_ss,#ECCBA7
Millindinna Intrusion,A_STmi_xo_a,#A5E9C3
Millury Formation,P__MSm_st,#EEB041
Millyit Sandstone,R__mi_sr,#A3FBE5
Mingenew Formation,P__mi_ss,#CEEBFD
Minnamonica Monzogranite,A_SRmi_gmp,#FD7E75
Mission Group,P__MI_xbb_s,#C3C4C4
Mondana Monzogranite,A_SRmn_gm,#FD7E75
Moodini Supersuite,P__MD_xg_og,#FEE2BD
Moogie Metamorphics,P__MG_xmh_mk,#FEBA70
Moola Bulla Formation,P___mb_sz,#CE2AD0
Moolyella Monzogranite,A_SRmo_gm,#FD7E75
Moora Group,P__OA_xs_b,#F5D06E
Moorarie Supersuite,P__MO_g,#FDADE6
Moorarie Supersuite,P__MO_mog,#D2F4E1
Mosquito Creek Formation,A_NUq_mh,#FAD0B4
Motherin Monzogranite,A_CLmo_xmgm_mgg,#EB3BA0
Mount Ada Basalt,A_WAm_b,#B1FEB3
Mount Augustus Sandstone,P___au_sp,#ECCBA7
Mount Barren Group,P__MB_mh,#F6C292
Mount Crofton Granite,P___cr_g,#FE8E87
Mount Gregory Monzodiorite,A_OPmg_gh,#FD5E53
Mount Harris Basalt,P__TJh_mbb,#EDCCDC
Mount Holmes Gabbro,P__WKho_og,#8EE4B4
Mount House Group,P__HU_se,#FBCB8C
Mount James Subgroup,P__POJ_md,#EDD5CC
Mount Joseph Migmatite,P___mj_mhi,#E9E9D2
Mount Kenneth Suite,A_ANK_gt,#FEEAF2
Mount Kenneth Suite,A_ANK_jmg_md,#FEEAF2
Mount Kenneth Suite,A_ANK_mg,#FEEAF2
Mount Leake Formation,P___mk_st,#E0CABF
Mount McGrath Formation,P__WYm_sp,#FECE90
Mount McRae Shale and Mount Sylvia Formation,A_HAu_xsl_ci,#B6846A
Mount Minnie Group,P__MK_s,#D2C7A6
Mount Negri Volcanic Member,A_CDbn_b,#8AFE8D
Mount Palgrave Group,P__PG_xf_s,#FEE1A5
Mount Parker Formation,P___mp_s,#F3EFF1
Mount Ragged Formation,P___rg_mh,#D1DBDE
Mount Roe Basalt,A_FOr_b,#C4C798
Mount Sholl Intrusion,A_STms_xo_a,#A5E9C3
Mount Venn Igneous Complex,A__vn_o,#BCEED2
Mount Waugh Formation,P__PGw_xfr_sp,#FBCB8C
Mount Webb Granite,P___we_mgm,#FEE2FD
Mount Weld Carbonatite,P___wl_r,#B6F7F4
Mu Formation,E__mu_sm,#E492D8
Muja Coal Measures,P_CLm_snh,#9DD7FB
Mulgandinnah Monzogranite,A_STmg_gme,#FE9E98
Mulgarra Sandstone,P__EMu_st,#AB7355
Mullingarra Gneiss,P___mg_xmdn_mwa,#D2C4C9
Mullugunya Granodiorite,A_EMml_gg,#F492CA
Munarra Monzogranite,A_TUmu_gm,#FCBD8E
Mundadjini Formation,P__SUm_ss,#F9DF9E
Mundine Well Dolerite Suite,P__MW_od,#1EC868
Munganbrina Monzogranite,A_EMmu_gm,#F492CA
Mungarinya Monzogranite,A_STug_gmp,#FEBFBA
Mungaroona Granodiorite,A_STmr_gg,#FEBFBA
Munglinup Gneiss,AP___mu_xmgn_mo,#FEC1E1
Munglinup Gneiss,AP___mu_xmgn_moa,#FEC1E1
Munkayarra Shale,R__my_sl,#76F9D9
Munni Munni Intrusion,A_STmu_xo_a,#A5E9C3
Munyu Sandstone,P___my_st,#AAAAA2
Murchison Supergroup,A_MU_bs,#D8FFD9
Murchison Supergroup,A_MU_fn,#FEDC6E
Murchison Supergroup,A_MU_mb,#D8FFD9
Murchison Supergroup,A_MU_mo,#D8FFD9
Murchison Supergroup,A_MU_mu,#D8FFD9
Murchison Supergroup,A_MU_xmws_mds,#D8FFD9
Murrouli Basalt,A_NOm_mb,#B1FEB3
Musgrave Province metagranitic unit,P__mg_MU,#FEC8EE
Musgrave Province metamorphic unit,P__myx_MU,#FED8A7
Musgrave Province metamorphic unit,P__myy_MU,#FDB14E
Musgrave Province metamorphic unit,P__xmna_mg_MU,#CFDAD7
Myanna Leucogranite,A_SRmy_gml,#FD7E75
Mystery Monzogranite,A__my_gm,#FE9E98
Nadarra Formation,NP__na_klul,#A5E9C3
Nallana Formation,A_WHn_b,#FEE2A1
Nandingarra Granodiorite,A_EMna_gge,#F492CA
Nangetty Formation,CP__na_sepg,#84CDFA
Nannine Tonalite,A_ANnn_mgta,#F698C6
Nanutarra Formation,K__na_sz,#D4FEA1
Nanutarra Formation and Yarraloola Conglomerate,K__ny_sp,#D4FEA1
Narimbunna Dolerite,P___nr_od,#4BD386
Narndee Igneous Complex,A_ANna_xony_any,#D2F4E1
"Narndee Igneous Complex, lower zone",A_ANnl_xom_ax,#78DEA4
"Narndee Igneous Complex, middle zone",A_ANnm_xom_mat,#A5E9C3
"Narndee Igneous Complex, ultramafic zone",A_ANnu_xap_ao,#A699FC
Narracoota Formation,P__BYn_bb,#F1C5D7
Narryer Terrane granitic unit,A_g_YNA,#FECFCB
Narryer Terrane greenstones,A_b_YNA,#C4FEC6
Narryer Terrane greenstones,A_f_YNA,#FEE79F
Narryer Terrane greenstones,A_mat_YNA,#E9E6FE
Narryer Terrane greenstones,A_mba_YNA,#3CFD41
Narryer Terrane greenstones,A_mhs_YNA,#DAD2CF
Narryer Terrane greenstones,A_mi_YNA,#099BF5
Narryer Terrane greenstones,A_mtq_YNA,#DAD2CF
Narryer Terrane greenstones,A_mu_YNA,#B1A6FC
Narryer Terrane greenstones,A_mwa_YNA,#63FD67
Narryer Terrane greenstones,A_u_YNA,#B1A6FC
Narryer Terrane greenstones,A_xmh_mi_YNA,#BFB1AC
Narryer Terrane greenstones,A_xmro_mwo_YNA,#FFDFDD
Narryer Terrane greenstones,A_xmu_mw_YNA,#D8FFD9
Narryer Terrane metagranitic unit,A_mgms_YNA,#FECFCB
Narryer Terrane metagranitic unit,A_mgn_YNA,#FE6FB8
Narryer Terrane metagranitic unit,A_mgsn_YNA,#FECFCB
Narryer Terrane metagranitic unit,A_mgss_YNA,#FECFCB
Narryer Terrane metagranitic unit,A_xmgn_g_YNA,#FE8E87
Narryer Terrane metagranitic unit,A_xmgn_mb_YNA,#FEAEA9
"Neoproterozoic sedimentary rocks, western Amadeus Basin",P__sk_NA,#FED3AA
"Neoproterozoic--Cambrian sedimentary rocks, Amadeus Basin",P_E_s_NA,#FED3AA
Nerrely Leucogranite,A__ne_gftb,#FE8E87
Ngarrutji Monzogranite,A__ng_gm,#FECFCB
Nickol River Formation,A__nk_s,#D6C8CD
Nilling Formation,P___ni_st,#F5D06E
Ninety Seven Mile Formation and Elimberrie Formation,P___ne_xsp_bb,#FBE7D4
Ningbing Group,D_NI_kl,#D5DBFD
Nob Well Intrusion,A_WAno_xap_ax,#BCB3FD
Nooloo Formation,P__TAn_kt,#F7D886
Noonkanbah Formation,P__no_sf,#B5E1FC
Norie Group,A_NO_b,#8AFE8D
Norie Group,A_NO_msmz,#BEB477
Norie Group,A_NO_musr,#B1A6FC
Nornalup Zone gneissic unit,P__mnqf_KKBN,#FCA4F4
Nornalup Zone metagranitic unit,P__jmgnn_mog_KKBN,#FBA7FA
Nornalup Zone metagranitic unit,P__xmg_gn_KKBN,#FBA7FA
North Pole Monzogranite,A_TAno_gm,#F066B6
North Shaw Tonalite,A_CLns_mgta,#EB3BA0
North Star Basalt,A_WAn_b,#63FD67
North Whundo Intrusion,A_STnw_o,#A5E9C3
Northampton Inlier gneissic unit,P__mnqf_PJNO,#FCA4F4
Northampton Inlier granitic unit,P__g_PJNO,#FE6FB8
Northampton Inlier metamorphosed mafic intrusive unit,P__mog_PJNO,#A5E9C3
Northampton Inlier metasedimentary unit,P__mdn_PJNO,#E3DDDB
Northampton Inlier metasedimentary unit,P__mtq_PJNO,#D2C4C9
Northern Foreland mafic unit,A_mb_AFON,#C4FEC6
Northern Foreland mafic unit,A_mo_AFON,#BCEED2
Northern Foreland mafic unit,A_mu_AFON,#D3CCFD
Northern Foreland mafic unit,A_xmb_mu_AFON,#B1FEB3
Northern Foreland metagranitic unit,A_mgm_AFON,#FEBFBA
Northern Foreland metagranitic unit,A_mgn_AFON,#FEC1E1
Northern Foreland metagranitic unit,A_xmgm_mgr_AFON,#FEAEA9
Northern Foreland metagranitic unit,A_xmgss_mgg_AFON,#FEAEA9
Northern Foreland metagranitic unit,AP__xmg_mo_AFON,#F494C7
Northern Foreland unit,A_xmi_md_AFON,#84CDFA
Northern Foreland unit,A_xmu_md_AFON,#D3CCFD
Northern Foreland unit,AP__mtq_AFON,#E3DDDB
Numbana Monzogranite,A_SRnu_gmp,#FEBFBA
Oldham Sandstone,P___ol_stz,#F2C471
Opaline Well Intrusion,A_STop_xo_a,#A5E9C3
Orpheus Supersuite,A_OP_xg_o,#78DEA4
Orpheus Supersuite,A_OP_xo_a,#78DEA4
Osborne Formation,K_CYo_sll,#BEFE72
Oscar Range Group,P__OS_xs_b,#C0967F
Otorowiri Formation,JK_PAo_sfl,#DFFEB8
Owens Gully Diorite,A_CLow_mgi,#EB3BA0
Padbury Group,P__PA_s,#DDA365
Paddy Market Formation,A_SOp_xca_f,#9DD7FB
"Paleozoic siliciclastic units, Canning Basin",PZ_s_CA,#EAEDFE
Palkapiti Formation,A__lk_xf_s,#FEE79F
Panorama Formation,A_WAp_f,#FED656
Panton Suite,P__PT_xmo_ma,#D3CCFD
Paperbark Supersuite,P__PB_xg_o,#FE9E98
Parda Formation,K__pr_sf,#BEFE72
Pargee Sandstone,P___pg_st,#F5D3B1
Parmelia Group,JK_PA_st,#A9FD43
Paterson Formation,CP__pa_sepg,#9DD7FB
Peak Hill Schist,AP___ph_msqm,#FEDC6E
Pear Creek Formation,A_FOe_xs_b,#EEEFE2
Peawah Granodiorite,A_STpe_ggh,#FECFCB
Pentecost Sandstone,P__KMp_st,#ECCBA7
Petermarer Monzogranite,A_STpr_gmp,#FEBFBA
Petroglyph Gneiss,A_TApe_mgtn,#F066B6
Pigeon Rocks Monzogranite,A__pr_gm,#FEBFBA
Pilbara Craton granitic unit,A_g_P,#FEAEA9
Pilbara Craton greenstones,A_a_P,#C8C0FD
Pilbara Craton greenstones,A_ma_P,#A699FC
Pilbara Craton greenstones,A_map_P,#9080FB
Pilbara Craton greenstones,A_mds_P,#DDE4E6
Pilbara Craton greenstones,A_mhs_P,#DAD2CF
Pilbara craton greenstones,A_mhsc_P,#DAD2CF
Pilbara Craton greenstones,A_moa_P,#8EE4B4
Pilbara Craton greenstones,A_mog_P,#8EE4B4
Pilbara Craton greenstones,A_mtq_P,#DAD2CF
Pilbara Craton greenstones,A_mty_P,#AFBFC6
Pilbara Craton greenstones,A_mu_P,#B1A6FC
Pilbara Craton greenstones,A_musr_P,#D3CCFD
Pilbara Craton greenstones,A_mwa_P,#63FD67
Pilbara Craton greenstones,A_xmwa_g_P,#76FE7A
Pilbara Craton greenstones,A_xmws_mus_P,#C4FEC6
Pilbara Creek Monzogranite,A_STic_gm,#FEAEA9
Pilbara Supergroup,A_PI_ma,#A699FC
Pilbara Supergroup,A_PI_mu,#B1A6FC
Pilbara Supergroup,A_PI_mwa,#8AFE8D
Pilbara Supergroup,A_PI_xmb_mu,#C4FEC6
Pilbara Supergroup,A_PI_xmus_g,#D3CCFD
Pilbara Supergroup,A_PI_xmwa_g,#76FE7A
Pincunah Monzogranite,A_STpi_gmp,#FEBFBA
Pindilya Formation,NM__pi_sr,#D2F4E1
Pinjian Chert Breccia,AP___pj_ccx,#F7D7A0
Pinnacle Hill Gneiss,A_RApi_mgtn,#FFDFDD
Pitjantjatjara Supersuite,P__PJ_mg,#FDD1FB
Pitjantjatjara Supersuite,P__PJ_mgmy,#FDD1FB
Pitjantjatjara Supersuite,P__PJ_mgsy,#FDD1FB
Pitjantjatjara Supersuite 1,P__PJp1_mg,#FBA2F8
Pitjantjatjara Supersuite 2,P__PJp2_mg,#FCB9FA
Pitjantjatjara Supersuite 2,P__PJp2_mgsy,#FCB9FA
Pitjantjatjara Supersuite 2,P__PJp2_xmgg_mhi,#FCB9FA
Pitjantjatjara Supersuite 2,P__PJp2_xmgg_oo,#FCB9FA
Point Salvation Monzogranite,A__ps_gmys,#FECFCB
Polelle Group,A_PO_fa,#FEE79F
Polelle Group,A_PO_xmb_mf,#B1FEB3
Pollock Hills Formation,P___ph_mfd,#F4BAB7
Poocatche Monzogranite,A_SRpo_gmv,#FD7E75
Poole Sandstone,P__po_st,#9DD7FB
Pooranoo Metamorphics,P__PO_md,#E8CABF
Portree Suite,A_STP_g,#FEBFBA
Pottoyu Granite Suite,P__PJO_mg,#FCB9FA
Powdar Monzogranite,A_STpo_gm,#FEAEA9
Premier Coal Measures,P_CLp_snh,#9DD7FB
Prenti Dolerite,P__WKgp_od,#78DEA4
Prices Creek Group,O_PC_kt,#F8E0FE
Proterozoic mafic intrusive unit,P__o,#B0ECCA
Proterozoic mafic intrusive unit,P__od,#4BD386
Proterozoic siliciclastic rocks,P__sz_WAC,#BFADB3
Punkerri Sandstone,P___pu_ss,#FDB977
Puntapunta Formation,P__LAp_kd,#D09587
Pussy Cat Group,P__PU_frp,#D7E9C2
Pussy Cat Group,P__PU_sdv,#D7E9C2
Pussy Cat Group,P__PU_sgb,#D7E9C2
Pussy Cat Group,P__PU_xss_bb,#D7E9C2
Pyradie Formation,A_FOp_bs,#D5D7B6
Pyramid Hill Formation,A_SOy_ca,#9DD7FB
Quadrio Formation and Cornelia Sandstone,P___qc_ss,#EEB041
Racecourse Tonalite,A_ANrc_mg,#F698C6
Radio Hill Intrusion,A_STrh_xo_a,#A5E9C3
Railway Supersuite,A_RA_mg,#FFDFDD
Rapide Granite,P__CNra_mg,#FEDEF8
Ravelstone Formation,P__BYr_ss,#E3C8B5
Rea Dacite,A_OPre_fdp,#FD5E53
Recherche Supersuite,P__RE_jmgnn_mog,#FBA7FA
Recherche Supersuite,P__RE_xmgn_mg,#FBA7FA
Red Hill Volcanics,A_WCr_f,#FEE79F
Red Rock Formation,P___rk_xs_bb,#D1DBDE
Redcliff Pound Group,P_E_RD_s,#DAD2CF
Regal Formation,A__re_b,#D4EFB9
Revolver Creek Formation,P___rc_xss_bb,#EEE7EA
Robinson Range Formation,P__PAr_shi,#E7BE91
Rocklea Inlier greenstones,A_b_PRK,#C4FEC6
Rocklea Inlier greenstones,A_s_PRK,#E3DDDB
Rocklea Inlier metagranitic unit,A_mgn_PRK,#FE6FB8
Rocky Bore Granite,A__rb_gmp,#FECFCB
Roebourne Group,A_RO_xb_u,#E9E6FE
Rooney and Springo Inliers granitic unit,A_g_PRS,#FECFCB
Rooney and Springo Inliers greenstones,A_s_PRS,#E3DDDB
Roundtop Komatiite,A__rt_uk,#BFD156
Ruby Plains Group,P__RP_xs_k,#F5E5D3
Ruins Dolerite,P___ru_mod,#3DE1B6
Rushall Slate,A_CDr_mlv,#A4B6BD
Ryansville Formation,A_GLr_s,#E3DDDB
Salisbury Gneiss,P___sb_xmln_mwo,#099BF5
Sally Downs Supersuite,P__SD_g,#FE9E98
Sally Downs Supersuite,P__SD_xg_o,#FD5E53
Sally Malay Suite,P__SM_xo_a,#E9E6FE
Salt Creek Gabbro,P___sk_og,#6EE9C8
Samuel Formation and Bejah Claystone,K__sb_sf,#BEFE72
San Sou Monzogranite,P___ss_gmb,#ED54A5
Satirist Monzogranite,A_STsa_gm,#FE9E98
Scamp Formation,P__PGs_fr,#FEE1A5
Scotty Creek Formation,A__sc_xsta_sc,#E3DDDB
Shay Intrusion,A_STsh_xo_a,#A5E9C3
Sherlock Intrusion,A_STse_xo_a,#A5E9C3
Shingle Creek Group,P__SK_xb_s,#9EFEA0
Siffleetes Granodiorite,A_CEsf_mgg,#F8BEE0
Sir Frederick Conglomerate,P_E__fd_sg,#FEDCBB
Sisters Supersuite,A_ST_gm,#FEBFBA
Sisters Supersuite,A_ST_gmb,#FEBFBA
Sisters Supersuite,A_ST_gmp,#FEBFBA
Sisters Supersuite,A_ST_xg_o,#F492CA
Skates Hills Formation,P__SUs_xkds_s,#F9DF9E
Skirmish Hill Formation,P__KRs_xf_b,#DAE59F
Slatey Creek Granite,P___sl_gm,#FEBFBA
Snell Well Granodiorite,A_OPsn_gg,#FD5E53
Snowys Dam Formation,P___sd_xmhn_mkqn,#BFADB3
Snowys Dam Formation,P___sd_xmhn_mon,#BFADB3
Sophie Downs Suite,P__SO_xmg_mv,#FC8AFA
South Mallina Basalt Member,A_CDbm_bb,#B8DC3B
South West Terrane cataclasite,AP__myyf_YSW,#B6C01B
South West Terrane greenstones,A_b_YSW,#C4FEC6
South West Terrane greenstones,A_cc_YSW,#9DD7FB
South West Terrane greenstones,A_mb_YSW,#9EFEA0
South West Terrane greenstones,A_md_YSW,#E3DDDB
South West Terrane greenstones,A_mdnf_YSW,#BDA35F
South West Terrane greenstones,A_mf_YSW,#FEE286
South West Terrane greenstones,A_mi_YSW,#6BC3F9
South West Terrane greenstones,A_mkqx_YSW,#FE83C2
South West Terrane greenstones,A_mlsm_YSW,#FEE286
South West Terrane greenstones,A_mtq_YSW,#EC8526
South West Terrane greenstones,A_mw_YSW,#78DEA4
South West Terrane greenstones,A_mwa_YSW,#3CFD41
South West Terrane greenstones,A_mwo_YSW,#62D895
South West Terrane greenstones,A_xmb_mu_YSW,#B1FEB3
South West Terrane greenstones,A_xmdsr_mwo_YSW,#CFDAD7
South West Terrane greenstones,A_xmi_mb_YSW,#53B9F8
South West Terrane greenstones,A_xmi_mwo_YSW,#3AAFF7
South West Terrane greenstones,A_xmno_mni_YSW,#B7C7C2
South West Terrane greenstones,A_xmo_ma_YSW,#9080FB
South West Terrane greenstones,A_xmwo_mro_YSW,#62D895
South Whundo Monzogranite,A_OPso_gm,#FD5E53
Southern Hills Suite,P__RES_mgr,#FA99F9
Spear Hill Monzogranite,A_SRsh_gmp,#FD7E75
Speewah Basin felsic extrusive unit,P__fdp_SP,#FEEDB7
Speewah Group,P__SP_s,#E99ECE
Splinter Gneiss,P__REsg_xmon_mn,#F7B588
Split Rock Supersuite,A_SR_g,#FD7E75
Split Rock Supersuite,A_SR_gme,#FD7E75
Stirling Range Formation,P___sr_mh,#F9DABE
Stockton Group,P_ST_sepg,#9DD7FB
Stokes Siltstone,O__st_sk,#EED1FE
Strelley Monzogranite,A_CEst_gm,#FFDFDD
Strelley Pool Formation,A_PIs_xs_c,#CEEBFD
Strutton Intrusion,A_WAst_xo_a,#A5E9C3
Stubbins Formation,P__TNs_mod,#78DEA4
Stubbins Formation,P__TNs_xmh_mod,#E4DCDF
Surprise Orthogneiss,A_MNso_mgni,#FEADD7
Swincer Dolerite,A__si_o,#E8FAF0
Sylvania Inlier granitic unit,A_g_PYV,#FECFCB
Sylvania Inlier greenstones,A_b_PYV,#C4FEC6
Sylvania Inlier greenstones,A_bk_PYV,#8AFE8D
Sylvania Inlier greenstones,A_cc_PYV,#6BC3F9
Sylvania Inlier greenstones,A_cib_PYV,#099BF5
Sylvania Inlier greenstones,A_f_PYV,#FEE79F
Sylvania Inlier greenstones,A_og_PYV,#8EE4B4
Sylvania Inlier greenstones,A_s_PYV,#E3DDDB
Sylvania Inlier greenstones,A_u_PYV,#B1A6FC
Tabba Tabba Leucogranite,A_SRtt_gme,#FD7E75
Table Hill Volcanics,E__th_xbb_s,#FFECD3
Table Top Formation,A_WAt_mwa,#62D895
Tabletop Zone granitic unit,P__xg_mn_PTRT,#FDD3FD
Talbot and Connaughton Zones metagranitic unit,P__mgnu_PTRO,#FCB6FB
Talbot Zone metasedimentary unit,P__md_PTRB,#FECE90
Taliwanya Formation,P__THt_sta,#DFB9AF
Tambina Supersuite,A_TA_jmgg_mwa,#F066B6
Tambina Supersuite,A_TA_mg,#F066B6
Tambina Supersuite,A_TA_mgti,#FE9E98
Tambourah Monzogranite,A_SRta_gmd,#FE9E98
Tank 44 Gneiss,P___tf_xmnaa_mnqf,#F7B588
Tarcunyah Group,P__TA_sk,#F5D06E
Tarlwa Pool Tonalite,A_CEta_mgt,#F8BEE0
Tchukardine Formation,P__DIt_ss,#FAE7B6
Teague Granite,A__te_gfl,#FFDFDD
Telegootherra Monzogranite,A_BRtg_gm,#FCC1D8
Texas Downs Formation,P___td_xs_bb,#C6D2D6
Thaduna Formation,P__YMt_ss,#FAE2B6
Thelman Monzogranite,A_SRth_gmv,#FD7E75
Thirty Three Supersuite,P__TT_g,#FFD6EB
Throssell Range Group,P__TH_xs_kx,#D8A79B
Tickalara Metamorphics,P__TI_xmw_m,#DDD28C
Tjauwata Group,P__TJ_xmh_mb,#DAD2CF
Tobin Formation,A__tb_xs_c,#E3DDDB
Tollu Group,P__TL_f,#F5EAD8
Tooloo Group,P__ET_xsf_ci,#E0CABF
Toorare Tonalite,A_MRto_mgta,#FE9E98
Toppin Hill Formation,A__tp_xf_s,#FFF3CF
Tozer Formation,A_WHt_xb_f,#FED473
Triberton Granodiorite,A_EMtr_ggp,#F492CA
Trillbar formation,P__BYt_xmw_mu,#E89FBC
Tropicana Gneiss,AP___tc_xmgn_mon,#FEC1E1
Tropicana Gneiss,AP___tc_xmin_mog,#6BC3F9
Tropicana Gneiss,AP___tc_xmog_mae,#4BD386
Tropicana Zone metagranitic unit,AP__mg_KKBT,#FECCE6
Truslove Suite,P__EPT_gm,#FEC8F9
Tuckanarra Suite,A_TU_mg,#F76EA4
Tuckanarra Suite,A_TU_mgmu,#FA98BE
Tumbiana Formation,A_FOt_xb_k,#D5D7B6
Tumblagooda Sandstone,OS__tu_st,#E6C1FF
Turee Creek Group,P__TK_s,#E0CABF
Turkey Hill Formation,P___tk_ss,#DDE4E6
Twin Table Monzogranite,A_RAtw_gf,#FFDFDD
Ularring Monzogranite,A__ul_gm,#FEADD7
Umutju Granite Suite,P__PJU_mg,#FCB9FA
Underwood Gneiss,A_CLun_mgtn,#EB3BA0
"Upper Cretaceous carbonate rocks, greater Carnarvon Basin",K_kl_WC,#D4FEA1
Voodoo Child Formation,P___vc_xmog_mfd,#56E5BF
Wade Creek Formation,P___wc_s,#FDC45D
Wagina Sandstone,P__wg_st,#6BC3F9
Wahlgu Formation,P___wg_sepg,#F1B13B
Waldburg Dolerite,P___wa_od,#41CD50
Walganna Suite,A_BRG_gm,#FCC1D8
Walganna Suite,A_BRG_gmfe,#FCC1D8
Walganna Suite,A_BRG_gmp,#FCC1D8
Walgunya Trondhjemite,A_EMwa_gt,#F492CA
Wallal Sandstone,J__wa_st,#ADFED5
Wallareenya Granodiorite,A_STwa_ggh,#FEBFBA
Waloo Waloo Monzogranite,A_MRwa_gm,#FE9E98
Waltha Woora Formation,P__TAa_kt,#F5D06E
Walungurru Volcanics,P___wu_mfc,#F4BAB7
Waluwiya Suite,P__WU_mgg,#F9ACE7
Wankanki Supersuite,P__WN_mg,#FEAEED
Wankanki Supersuite,P__WN_xmf_mh,#FEAEED
Wankanki Supersuite,P__WN_xmgn_mg,#FD86E3
Wanna Formation,OS__wa_st,#F4D0FE
Warakurna Supersuite,P__WK_g,#FEE4F7
Warakurna Supersuite,P__WK_mg,#FED6F2
Warakurna Supersuite,P__WK_od,#6EE9C8
Warakurna Supersuite,P__WK_xo_f,#6EE9C8
Warambie Basalt,A_WCw_b,#C4FEC6
Warlawurru Supersuite,P__WR_mg,#FCA4F4
Warnbro Group,K_WR_ss,#D4FEA1
Waroongunyah Formation,P__TAw_ktsv,#F9DF9E
Warrawoona Group,A_WA_bb,#D4EFB9
Warrawoona Group,A_WA_mus,#DED9FE
Warrawoona Group,A_WA_muts,#DED9FE
Warrawoona Group,A_WA_mwa,#D4EFB9
Warrawoona Group,A_WA_xb_f,#CAEAA7
Warrawoona Group,A_WA_xbb_bk,#D4EFB9
Warrigal Gneiss,A__wa_mgmn,#FE83C2
Warton Sandstone,P__KMw_st,#F5E5D3
Wartu Monzogranite,A__wt_gm,#FECFCB
Watch Point Formation,P__SUw_ss,#F9DF9E
Wattagee Formation,A_GLw_b,#D8FFD9
Wattagee Formation,A_GLw_f,#FFF3CF
Wattagee Formation,A_GLw_mbms,#E3DDDB
Wattagee Formation,A_GLw_mus,#E9E6FE
Weaber Group,C_WE_sk,#C8D2D5
Weeli Wolli Formation,P__HAj_xci_od,#E0CABF
West Pilbara Superterrane mylonitic unit,A_myy_PWP,#FE98CC
Westralia Sandstone,P_CLw_ss,#9DD7FB
Whitewater Volcanics,P__PBww_f,#FEDC6E
Whundo Group,A_WH_xb_f,#FED473
Whyjabby Granodiorite,A_MRwh_ggp,#FE9E98
Widgiemooltha Supersuite,P__WI_o,#1EC868
Wilgie Mia Formation,A_POw_xcib_f,#84CDFA
Wilina Granodiorite,A_EMwi_gg,#F492CA
Wilki Formation,P__LAw_stq,#EFDCD7
Willy Willy Formation,P__MSy_kds,#F2C471
Wilson Well Gneiss,A_TAww_mgtn,#F066B6
Wilthorpe Formation,P__PAw_scq,#F1D8BD
Windimurra Igneous Complex,A_ANwi_am,#9FD7D6
Windimurra Igneous Complex,A_ANwi_xmog_mg,#9FD7D6
"Windimurra Igneous Complex, border zone",A_ANwb_mog,#0F9B99
"Windimurra Igneous Complex, lower zone",A_ANwl_xol_oml,#6FC3C2
"Windimurra Igneous Complex, middle zone",A_ANwm_xog_oml,#6FC3C2
"Windimurra Igneous Complex, roof zone",A_ANwr_xogp_od,#87CDCC
"Windimurra Igneous Complex, ultramafic zone",A_ANwu_xmad_oa,#A699FC
"Windimurra Igneous Complex, upper zone",A_ANwz_xoml_am,#CFEBEB
Winnama Formation,P___wi_xmd_mw,#F1EDD1
Winning Group,K_WN_sf,#DFFEB8
Wirku Metamorphics,P___wm_mh,#FDD7BB
Wirrildar beds,E__wr_xst_kd,#EAA8DF
Wittenoom Formation,A_HAd_kd,#E0CABF
Woblegun Formation,P__MNw_sf,#F7B297
Wogala Suite,A_BRO_gfv,#FCC1D8
Wolline Monzogranite,A_CEwo_gmp,#F8BEE0
Wongarlong Formation,P__TAo_ssqv,#F7D886
Wongawol Formation,P__EMo_sf,#D5B9AA
Wonyulgunna Sandstone,P__MSw_st,#EEB041
Woodada Formation,R__wo_ss,#A3FBE5
Woodbrook Formation,A_WHw_f,#FED473
Woodline Formation,P___wo_s,#FBE7D4
Woodrarrung Sandstone,P__BDw_st,#F9DF9E
Woodstock Monzogranite,A_STwo_gm,#FEBFBA
Woodward Dolerite,P___wd_mod,#78DEA4
Woolgra Andesite Member,A_POgw_fa,#E8FBFE
Wooly Dolomite,P___wy_kd,#BEE2F8
Woongarra Rhyolite,P__HAw_fr,#CAA894
Woora Woora Formation,P__DIw_ss,#FAE7B6
Wooramel Group,P_WO_ss,#84CDFA
Wotjulum Porphyry,P___wj_gmap,#FECFCB
Wyloo Group,P__WY_s,#E2B07B
Wyloo Inlier greenstones,A_b_PWY,#C4FEC6
Wyman Formation,A_KEw_xf_s,#FED473
Yalgowra Suite,A_SDY_xod_og,#D3E6D8
Yaloginda Formation,A_NOy_cx,#CDFCB9
Yaloginda Formation,A_NOy_xf_cib,#FEDC6E
Yamarna Terrane greenstones,A_bb_YYA,#C4FEC6
Yamarna Terrane greenstones,A_bbg_YYA,#C4FEC6
Yamarna Terrane greenstones,A_cc_YYA,#6BC3F9
Yamarna Terrane greenstones,A_mbs_YYA,#3CFD41
Yamarna Terrane greenstones,A_mds_YYA,#DAD2CF
Yamarna Terrane greenstones,A_mfas_YYA,#FDD03E
Yamarna Terrane greenstones,A_mfsf_YYA,#FEE79F
Yamarna Terrane greenstones,A_mfss_YYA,#FEE79F
Yamarna Terrane greenstones,A_mnqf_YYA,#CFDAD7
Yamarna Terrane greenstones,A_ms_YYA,#E7ECEB
Yamarna Terrane greenstones,A_muts_YYA,#E9E6FE
Yamarna Terrane greenstones,A_mwa_YYA,#63FD67
Yamarna Terrane greenstones,A_mws_YYA,#63FD67
Yamarna Terrane greenstones,A_og_YYA,#8EE4B4
Yamarna Terrane greenstones,A_s_YYA,#E3DDDB
Yamarna Terrane greenstones,A_xb_og_YYA,#8AFE8D
Yamarna Terrane greenstones,A_xmb_g_YYA,#B1FEB3
Yamarna Terrane greenstones,A_xmbs_mds_YYA,#63FD67
Yamarna Terrane greenstones,A_xmbs_mu_YYA,#B1FEB3
Yamarna Terrane greenstones,A_xmnqf_mgss_YYA,#CFDAD7
Yamarna Terrane greenstones,A_xmws_mfs_YYA,#63FD67
Yamarna Terrane greenstones,A_xmws_mgss_YYA,#63FD67
Yamarna Terrane greenstones,A_xmws_mus_YYA,#63FD67
Yampi Formation,P__KMy_sta,#ECCBA7
Yandagooge Formation,P___ya_mls,#FEDC6E
Yandanooka Group,P__YA_s,#F5D06E
Yandanunyah Formation,P__TAy_sk,#F5D06E
Yandeearra Granodiorite,A_STyn_gg,#FEAEA9
Yannery Granite,A_STya_gfh,#FEBFBA
Yarlarweelor Gneiss Complex unit,A_mg_YNAY,#FEAEA9
Yarlarweelor Gneiss Complex unit,AP__mgn_YNAY,#FEC1E1
Yarlarweelor Gneiss Complex unit,AP__mgnl_YNAY,#FEC1E1
Yarragadee Formation,J__ya_st,#6FFDB6
Yarraloola Conglomerate,K__ya_sc,#C9FE8A
Yarrawolya Formation,P__BDy_sf,#F9DF9E
Yelma Formation,P__ETy_sz,#C0967F
Yilgarn Craton granites,A_g_Y,#FECFCB
Yilgarn Craton granites,A_gc_Y,#FE9E98
Yilgarn Craton granites,A_gch_Y,#FD5E53
Yilgarn Craton granites,A_gf_Y,#FECFCB
Yilgarn Craton granites,A_gfl_Y,#FD5E53
Yilgarn Craton granites,A_gg_Y,#FEAEA9
Yilgarn Craton granites,A_ggi_Y,#FEAEA9
Yilgarn Craton granites,A_gi_Y,#FEAEA9
Yilgarn Craton granites,A_gm_Y,#FECFCB
Yilgarn Craton granites,A_gmb_Y,#FECFCB
Yilgarn Craton granites,A_gmfp_Y,#FECFCB
Yilgarn Craton granites,A_gmi_Y,#FD5E53
Yilgarn Craton granites,A_gmp_Y,#FECFCB
Yilgarn Craton granites,A_gmys_Y,#FECFCB
Yilgarn Craton granites,A_gn_Y,#FD5E53
Yilgarn Craton granites,A_gnap_Y,#FEADD7
Yilgarn Craton granites,A_gp_Y,#FD319A
Yilgarn Craton granites,A_gt_Y,#FECFCB
Yilgarn Craton granites,A_gy_Y,#FECFCB
Yilgarn Craton granites,A_jgm_mn_Y,#FECFCB
Yilgarn Craton granites,A_mgi_Y,#FEAEA9
Yilgarn Craton granites,A_mgm_Y,#FEBFBA
Yilgarn Craton granites,A_mgn_Y,#FE6FB8
Yilgarn Craton granites,A_mgnl_Y,#FE98CC
Yilgarn Craton granites,A_mgno_Y,#FFDFDD
Yilgarn Craton granites,A_mgs_Y,#FEBFBA
Yilgarn Craton granites,A_mgsb_Y,#FECFCB
Yilgarn Craton granites,A_mgss_Y,#FECFCB
Yilgarn Craton granites,A_mgtn_Y,#DAD2CF
Yilgarn Craton granites,A_xg_b_Y,#FECFCB
Yilgarn Craton granites,A_xg_mb_Y,#FEAEA9
Yilgarn Craton granites,A_xgm_gg_Y,#FECFCB
Yilgarn Craton granites,A_xgm_gr_Y,#FEAEA9
Yilgarn Craton granites,A_xmgm_mwa_Y,#FEBFBA
Yilgarn Craton granites,A_xmgn_mgss_Y,#FECFCB
Yilgarn Craton granites,A_xmgnb_mgmn_Y,#FECFCB
Yilgarn Craton granites,A_xmgni_mwa_Y,#FEBFBA
Yilgarn Craton granites,A_xmgs_mb_Y,#FECFCB
Yilgarn Craton granites,A_xmgs_mi_Y,#FECFCB
Yilgarn Craton granites,A_xmgss_mba_Y,#FECFCB
Yilgarn Craton granites,A_xmgss_mbs_Y,#FECFCB
Yilgarn Craton granites,A_xmgss_mw_Y,#FECFCB
Yilgarn Craton granites,A_xmgss_mwa_Y,#FECFCB
Yilgarn Craton metamorphic unit,A_mn_Y,#B7B8B8
"Youanmi Igneous Complex, border zone",A_ANyb_od,#45D555
"Youanmi Igneous Complex, lower zone",A_ANyl_xogx_mat,#74E07F
"Youanmi Igneous Complex, middle zone",A_ANym_xom_og,#8BE594
"Youanmi Igneous Complex, upper zone",A_ANyz_xam_ogl,#D5DBFD
Youanmi Terrane greenstones,A_a_YYO,#E2F0FE
Youanmi Terrane greenstones,A_b_YYO,#C4FEC6
Youanmi Terrane greenstones,A_bb_YYO,#8AFE8D
Youanmi Terrane greenstones,A_bs_YYO,#3CFD41
Youanmi Terrane greenstones,A_cx_YYO,#C5E2FE
Youanmi Terrane greenstones,A_f_YYO,#FEE8A6
Youanmi Terrane greenstones,A_mba_YYO,#8AFE8D
Youanmi Terrane greenstones,A_md_YYO,#E3DDDB
Youanmi Terrane greenstones,A_meax_YYO,#CFDAD7
Youanmi Terrane greenstones,A_mhsg_YYO,#F4B67D
Youanmi Terrane greenstones,A_mrqm_YYO,#FEBCB0
Youanmi Terrane greenstones,A_mtq_YYO,#DAD2CF
Youanmi Terrane greenstones,A_mu_YYO,#B1A6FC
Youanmi Terrane greenstones,A_mw_YYO,#78DEA4
Youanmi Terrane greenstones,A_mwa_YYO,#63FD67
Youanmi Terrane greenstones,A_o_YYO,#BCEED2
Youanmi Terrane greenstones,A_s_YYO,#BBC8CE
Youanmi Terrane greenstones,A_u_YYO,#B1A6FC
Youanmi Terrane greenstones,A_uk_YYO,#D3CCFD
Youanmi Terrane greenstones,A_xbb_cl_YYO,#9EFEA0
Youanmi Terrane greenstones,A_xbb_og_YYO,#B1FEB3
Youanmi Terrane greenstones,A_xc_o_YYO,#6BC3F9
Youanmi Terrane greenstones,A_xcx_uk_YYO,#3AAFF7
Youanmi Terrane greenstones,A_xmb_mg_YYO,#A5E9C3
Youanmi Terrane greenstones,A_xmb_mu_YYO,#B1FEB3
Youanmi Terrane greenstones,A_xmba_mus_YYO,#3CFD41
Youanmi Terrane greenstones,A_xmc_mwa_YYO,#3AAFF7
Youanmi Terrane greenstones,A_xmd_mu_YYO,#BFB1AC
Youanmi Terrane greenstones,A_xmuk_mi_YYO,#D3CCFD
Youanmi Terrane greenstones,A_xmwa_mc_YYO,#76FE7A
Youanmi Terrane greenstones,A_xmwo_mwa_YYO,#76FE7A
Ziggy Monzogranite,A__zi_gm,#FA99F9
Zulu Granodiorite,A_EMzu_gg,#F492CA
